    IP,Date,Time,Accepted cookies,Device type,Browser language,Browser name,OS Name,Country,Region,RegionName,City,Zipcode,Lat,Lon
192.168.29.182,2024-06-26,06:28:04 UTC,["necessary"],desktop,en,Chrome,Linux,-,-,-,-,-,-,-
192.168.29.182,2024-06-26,11:36:51 UTC,["necessary"],desktop,en,Chrome,Linux,-,-,-,-,-,-,-
192.168.29.182,2024-06-27,09:01:34 UTC,["necessary"],desktop,en,Chrome,Linux,-,-,-,-,-,-,-
192.168.29.182,2024-06-28,03:50:30 UTC,["necessary"],desktop,en,Chrome,Linux,-,-,-,-,-,-,-
192.168.29.182,2024-07-04,10:29:45 UTC,["necessary"],desktop,en,Chrome,Linux,-,-,-,-,-,-,-
192.168.29.182,2024-07-09,03:56:44 UTC,["necessary"],desktop,en,Chrome,Linux,-,-,-,-,-,-,-
192.168.29.182,2024-07-15,07:13:22 UTC,["necessary"],desktop,en,Chrome,Linux,-,-,-,-,-,-,-
192.168.29.182,2024-07-15,10:27:28 UTC,["necessary"],desktop,en,Chrome,Linux,-,-,-,-,-,-,-
192.168.29.182,2024-07-16,06:23:37 UTC,["necessary"],desktop,en,Chrome,Linux,-,-,-,-,-,-,-
192.168.29.182,2024-07-18,03:57:41 UTC,["necessary"],desktop,en,Chrome,Linux,-,-,-,-,-,-,-
192.168.29.182,2024-07-29,06:16:27 UTC,["necessary"],desktop,en,Chrome,Linux,-,-,-,-,-,-,-
192.168.29.182,2024-07-31,05:06:11 UTC,["necessary"],desktop,en,Chrome,Linux,-,-,-,-,-,-,-
192.168.29.182,2024-08-02,06:10:04 UTC,["necessary"],desktop,en,Chrome,Linux,-,-,-,-,-,-,-
192.168.29.182,2024-08-05,03:23:50 UTC,["necessary"],desktop,en,Chrome,Linux,-,-,-,-,-,-,-
192.168.29.182,2024-08-08,03:17:00 UTC,["necessary"],desktop,en,Chrome,Linux,-,-,-,-,-,-,-
192.168.29.182,2024-08-14,08:53:11 UTC,["necessary"],desktop,en,Chrome,Linux,-,-,-,-,-,-,-
192.168.29.182,2024-08-15,04:37:52 UTC,["necessary"],desktop,en,Chrome,Linux,-,-,-,-,-,-,-
192.168.29.182,2024-08-22,05:09:35 UTC,["necessary"],desktop,en,Chrome,Linux,-,-,-,-,-,-,-
192.168.29.182,2024-08-22,05:58:08 UTC,["necessary"],desktop,en,Chrome,Linux,-,-,-,-,-,-,-
192.168.29.182,2024-09-04,06:00:07 UTC,["necessary"],desktop,en,Chrome,Linux,-,-,-,-,-,-,-
192.168.29.182,2024-09-05,11:45:15 UTC,["necessary"],desktop,en,Chrome,Linux,-,-,-,-,-,-,-
192.168.29.182,2024-09-10,06:32:52 UTC,["necessary"],desktop,en,Chrome,Linux,-,-,-,-,-,-,-
192.168.29.182,2024-09-18,03:52:55 UTC,["necessary"],desktop,en,Chrome,Linux,-,-,-,-,-,-,-
192.168.29.182,2024-09-18,07:25:50 UTC,["necessary"],desktop,en,Chrome,Linux,-,-,-,-,-,-,-
192.168.29.182,2024-09-18,08:32:28 UTC,["necessary"],desktop,en,Chrome,Linux,-,-,-,-,-,-,-
192.168.29.182,2024-09-20,04:25:24 UTC,["necessary"],desktop,en,Chrome,Linux,-,-,-,-,-,-,-
192.168.29.182,2024-09-24,11:39:28 UTC,["necessary"],desktop,en,Chrome,Linux,-,-,-,-,-,-,-
192.168.29.182,2024-09-25,03:45:37 UTC,["necessary"],desktop,en,Chrome,Linux,-,-,-,-,-,-,-
192.168.29.182,2024-09-30,06:22:06 UTC,["necessary"],desktop,en,Chrome,Linux,-,-,-,-,-,-,-
192.168.29.182,2024-10-02,03:42:13 UTC,["necessary"],desktop,en,Chrome,Linux,-,-,-,-,-,-,-
192.168.29.182,2024-10-03,08:45:30 UTC,["necessary"],desktop,en,Chrome,Linux,-,-,-,-,-,-,-
192.168.29.182,2024-10-14,03:12:00 UTC,["necessary"],desktop,en,Chrome,Linux,-,-,-,-,-,-,-
192.168.29.182,2024-10-22,03:56:34 UTC,["necessary"],desktop,en,Chrome,Linux,-,-,-,-,-,-,-
192.168.29.182,2024-10-29,03:54:24 UTC,["necessary"],desktop,en,Chrome,Linux,-,-,-,-,-,-,-
192.168.29.182,2024-11-05,12:28:14 UTC,["necessary"],desktop,en,Chrome,Linux,-,-,-,-,-,-,-
192.168.29.182,2024-11-06,03:29:16 UTC,["necessary"],desktop,en,Chrome,Linux,-,-,-,-,-,-,-
192.168.29.182,2024-11-08,05:32:42 UTC,["necessary"],desktop,en,Chrome,Linux,-,-,-,-,-,-,-
192.168.29.182,2024-11-11,03:41:32 UTC,["necessary"],desktop,en,Chrome,Linux,-,-,-,-,-,-,-
192.168.29.182,2024-11-15,10:32:19 UTC,["necessary"],desktop,en,Chrome,Linux,-,-,-,-,-,-,-
192.168.29.182,2024-11-25,05:25:37 UTC,["necessary"],desktop,en,Chrome,Linux,-,-,-,-,-,-,-
192.168.29.182,2024-11-27,04:31:10 UTC,["necessary"],desktop,en,Chrome,Linux,-,-,-,-,-,-,-
192.168.29.182,2024-11-28,05:18:17 UTC,["necessary"],desktop,en,Chrome,Linux,-,-,-,-,-,-,-
192.168.29.182,2024-11-29,06:21:35 UTC,["necessary"],desktop,en,Chrome,Linux,-,-,-,-,-,-,-
192.168.29.182,2024-12-04,11:27:50 UTC,["necessary"],desktop,en,Chrome,Linux,-,-,-,-,-,-,-
192.168.29.182,2024-12-10,03:42:14 UTC,["necessary"],desktop,en,Chrome,Linux,-,-,-,-,-,-,-
192.168.29.182,2024-12-13,06:28:22 UTC,["necessary"],desktop,en,Chrome,Linux,-,-,-,-,-,-,-
192.168.29.182,2024-12-16,09:16:12 UTC,["necessary"],desktop,en,Chrome,Linux,-,-,-,-,-,-,-
192.168.29.182,2024-12-23,05:58:05 UTC,["necessary"],desktop,en,Chrome,Linux,-,-,-,-,-,-,-
192.168.29.182,2024-12-26,06:24:02 UTC,["necessary"],desktop,en,Chrome,Linux,-,-,-,-,-,-,-
192.168.29.182,2024-12-30,04:01:33 UTC,["necessary"],desktop,en,Chrome,Linux,-,-,-,-,-,-,-
192.168.29.182,2025-01-06,03:26:07 UTC,["necessary"],desktop,en,Chrome,Linux,-,-,-,-,-,-,-
192.168.29.182,2025-01-07,07:00:42 UTC,["necessary"],desktop,en,Chrome,Linux,-,-,-,-,-,-,-
192.168.29.182,2025-01-15,03:21:09 UTC,["necessary"],desktop,en,Chrome,Linux,-,-,-,-,-,-,-
192.168.29.182,2025-01-27,04:00:52 UTC,["necessary"],desktop,en,Chrome,Linux,-,-,-,-,-,-,-
192.168.29.182,2025-02-18,09:46:53 UTC,["necessary"],desktop,en,Chrome,Linux,-,-,-,-,-,-,-
192.168.29.182,2025-03-28,03:45:22 UTC,["necessary"],desktop,en,Chrome,Linux,-,-,-,-,-,-,-
192.168.29.182,2025-04-10,03:49:42 UTC,["necessary"],desktop,en,Chrome,Linux,-,-,-,-,-,-,-
192.168.29.182,2025-05-26,03:52:30 UTC,["necessary"],desktop,en,Chrome,Linux,-,-,-,-,-,-,-
192.168.29.182,2025-05-29,05:08:52 UTC,["necessary"],desktop,en,Chrome,Linux,-,-,-,-,-,-,-
192.168.29.182,2025-06-03,09:41:09 UTC,["necessary"],desktop,en,Chrome,Linux,-,-,-,-,-,-,-
192.168.29.182,2025-06-04,04:49:14 UTC,["necessary"],desktop,en,Chrome,Linux,-,-,-,-,-,-,-
192.168.29.182,2025-06-04,06:16:57 UTC,["necessary"],desktop,en,Chrome,Linux,-,-,-,-,-,-,-
192.168.29.182,2025-06-05,03:47:39 UTC,["necessary"],desktop,en,Chrome,Linux,-,-,-,-,-,-,-
192.168.29.182,2025-06-06,09:40:03 UTC,["necessary"],desktop,en,Chrome,Linux,-,-,-,-,-,-,-
192.168.29.182,2025-06-09,03:44:55 UTC,["necessary"],desktop,en,Chrome,Linux,-,-,-,-,-,-,-
::1,2025-06-10,06:36:08 UTC,["necessary"],desktop,en,Chrome,Linux,-,-,-,-,-,-,-
